<?xml version="1.0" encoding="UTF-8"?><?xml-stylesheet type='text/xsl' href='_UpgradeReport_Files/UpgradeReport.xslt'?><UpgradeLog>
<Properties><Property Name="Solution" Value="npruntime">
</Property><Property Name="Projektmappendatei" Value="E:\VS2010\Codeproject\npruntime\npruntime.sln">
</Property><Property Name="Benutzeroptionendatei" Value="E:\VS2010\Codeproject\npruntime\npruntime.suo">
</Property><Property Name="Date" Value="Mittwoch, 7. Juli 2010">
</Property><Property Name="Time" Value="11:25">
</Property></Properties><Event ErrorLevel="0" Project="" Source="npruntime.sln" Description="Datei wurde erfolgreich als &quot;E:\VS2010\Codeproject\npruntime\npruntime.sln.old&quot; gesichert">
</Event><Event ErrorLevel="0" Project="" Source="npruntime.suo" Description="Datei wurde erfolgreich als &quot;E:\VS2010\Codeproject\npruntime\npruntime.suo.old&quot; gesichert">
</Event><Event ErrorLevel="0" Project="npruntime" Source="npruntime.vcproj" Description="Converting project file 'E:\VS2010\Codeproject\npruntime\npruntime.vcproj'.">
</Event><Event ErrorLevel="1" Project="npruntime" Source="npruntime.vcproj" Description="VCWebServiceProxyGeneratorTool is no longer supported. The tool has been removed from your project settings.">
</Event><Event ErrorLevel="0" Project="npruntime" Source="npruntime.vcproj" Description="Done converting to new project file 'E:\VS2010\Codeproject\npruntime\npruntime.vcxproj'.">
</Event><Event ErrorLevel="3" Project="npruntime" Source="npruntime.vcproj" Description="Converted">
</Event><Event ErrorLevel="0" Project="" Source="npruntime.sln" Description="Die Projektmappe wurde erfolgreich konvertiert.">
</Event><Event ErrorLevel="3" Project="" Source="npruntime.sln" Description="Converted">
</Event></UpgradeLog>